test_year,boosted_minus_production,boosted_minus_link_only,seeds
2016,0.0022624191966853116,0.003389464340406477,5
2017,-0.0005761912091450127,-9.338183656363764e-05,5
2018,0.0010218706366216833,0.0021635592714999512,5
2019,-0.0017671484454836427,-0.0017179088117177266,5
2020,4.110243898694382e-05,0.0014060858506702843,5
2021,0.0007568725638720717,0.0012871038355844193,5
2022,-0.005591291032310294,-0.003928155437431102,5
2023,-0.0011984662075671365,-0.0005046228584626555,5
2024,-0.0036528531292719644,-0.003570257337793155,5
2025,0.0018118660504705766,0.0027346130748834054,5
2026,-0.007985408936063587,-0.005675776078895085,5
